10.160.4.136,,
05-15-2018 05:00:45.2,82,2
05-15-2018 05:00:45.2,43,2
05-15-2018 05:00:50.1,81,2
05-15-2018 05:00:50.1,44,2
05-15-2018 05:00:53.9,4,2
05-15-2018 05:01:04.3,82,2
05-15-2018 05:01:04.3,43,2
05-15-2018 05:01:09.1,81,2
05-15-2018 05:01:09.1,44,2
05-15-2018 05:01:12.9,4,2
05-15-2018 05:01:16.8,82,2
05-15-2018 05:01:16.8,43,2
05-15-2018 05:01:21.5,81,2
05-15-2018 05:01:21.5,44,2
05-15-2018 05:01:25.3,4,2
05-15-2018 05:01:26.0,82,1
05-15-2018 05:01:26.0,7,2
05-15-2018 05:01:26.0,8,2
05-15-2018 05:01:26.0,2,1
05-15-2018 05:01:26.0,43,1
05-15-2018 05:01:26.1,2,2
05-15-2018 05:01:28.6,81,1
05-15-2018 05:01:28.6,44,1
05-15-2018 05:01:30.0,9,2
05-15-2018 05:01:30.0,10,2
05-15-2018 05:01:31.0,12,2
05-15-2018 05:01:31.0,11,2
05-15-2018 05:01:31.0,0,1
05-15-2018 05:01:31.0,1,1
05-15-2018 05:01:31.1,4,1
05-15-2018 05:01:35.0,7,1
05-15-2018 05:01:35.0,8,1
05-15-2018 05:01:35.0,3,1
05-15-2018 05:01:35.8,82,8
05-15-2018 05:01:35.8,2,8
05-15-2018 05:01:35.8,43,8
05-15-2018 05:01:38.0,9,1
05-15-2018 05:01:38.0,10,1
05-15-2018 05:01:38.5,12,1
05-15-2018 05:01:38.5,11,1
05-15-2018 05:01:38.5,0,2
05-15-2018 05:01:38.5,1,2
05-15-2018 05:01:38.6,4,2
05-15-2018 05:01:50.3,82,2
05-15-2018 05:01:50.3,43,2
05-15-2018 05:01:50.5,3,2
05-15-2018 05:01:56.3,81,2
05-15-2018 05:01:56.3,44,2
05-15-2018 05:02:00.1,7,2
05-15-2018 05:02:00.1,7,6
05-15-2018 05:02:00.1,8,2
05-15-2018 05:02:00.1,8,6
05-15-2018 05:02:00.1,4,2
05-15-2018 05:02:00.2,2,2
05-15-2018 05:02:00.2,2,6
05-15-2018 05:02:04.0,9,2
05-15-2018 05:02:04.0,9,6
05-15-2018 05:02:04.0,10,2
05-15-2018 05:02:04.0,10,6
05-15-2018 05:02:05.0,12,2
05-15-2018 05:02:05.0,12,6
05-15-2018 05:02:05.0,11,2
05-15-2018 05:02:05.0,11,6
05-15-2018 05:02:05.0,0,8
05-15-2018 05:02:05.0,1,8
05-15-2018 05:02:05.0,31,1
05-15-2018 05:02:08.6,81,8
05-15-2018 05:02:08.6,44,8
05-15-2018 05:02:10.0,3,8
05-15-2018 05:02:11.4,7,8
05-15-2018 05:02:11.4,8,8
05-15-2018 05:02:11.4,4,8
05-15-2018 05:02:14.9,9,8
05-15-2018 05:02:14.9,10,8
05-15-2018 05:02:15.4,12,8
05-15-2018 05:02:15.4,11,8
05-15-2018 05:02:15.4,0,2
05-15-2018 05:02:15.4,0,6
05-15-2018 05:02:15.4,1,2
05-15-2018 05:02:15.4,1,6
05-15-2018 05:02:15.4,31,1
05-15-2018 05:02:15.5,4,2
05-15-2018 05:02:15.5,4,6
05-15-2018 05:02:27.4,3,2
05-15-2018 05:02:27.4,3,6
05-15-2018 05:03:16.2,82,2
05-15-2018 05:03:16.2,43,2
05-15-2018 05:03:25.8,81,2
05-15-2018 05:03:25.8,44,2
05-15-2018 05:03:29.6,4,2
05-15-2018 05:03:43.9,82,1
05-15-2018 05:03:43.9,7,2
05-15-2018 05:03:43.9,8,2
05-15-2018 05:03:43.9,2,1
05-15-2018 05:03:43.9,43,1
05-15-2018 05:03:44.0,2,2
05-15-2018 05:03:47.9,9,2
05-15-2018 05:03:47.9,10,2
05-15-2018 05:03:48.5,82,2
05-15-2018 05:03:48.9,12,2
05-15-2018 05:03:48.9,11,2
05-15-2018 05:03:48.9,0,1
05-15-2018 05:03:48.9,1,1
05-15-2018 05:03:50.3,81,1
05-15-2018 05:03:50.3,44,1
05-15-2018 05:03:52.9,3,1
05-15-2018 05:03:53.1,7,1
05-15-2018 05:03:53.1,8,1
05-15-2018 05:03:53.1,4,1
05-15-2018 05:03:56.1,9,1
05-15-2018 05:03:56.1,10,1
05-15-2018 05:03:56.6,12,1
05-15-2018 05:03:56.6,11,1
05-15-2018 05:03:56.6,0,2
05-15-2018 05:03:56.6,1,2
05-15-2018 05:03:56.7,43,2
05-15-2018 05:04:03.6,81,2
05-15-2018 05:04:03.6,44,2
05-15-2018 05:04:07.4,4,2
05-15-2018 05:04:08.6,3,2
05-15-2018 05:04:32.2,82,2
05-15-2018 05:04:32.2,43,2
05-15-2018 05:04:41.8,81,2
05-15-2018 05:04:41.8,44,2
05-15-2018 05:04:42.5,82,2
05-15-2018 05:04:42.5,43,2
05-15-2018 05:04:48.1,81,2
05-15-2018 05:04:48.1,44,2
05-15-2018 05:04:51.9,4,2
05-15-2018 05:04:57.9,82,2
05-15-2018 05:04:57.9,43,2
05-15-2018 05:05:02.7,81,2
05-15-2018 05:05:02.7,44,2
05-15-2018 05:05:06.5,4,2
05-15-2018 05:05:30.7,82,2
05-15-2018 05:05:30.7,43,2
05-15-2018 05:05:39.2,81,2
05-15-2018 05:05:39.2,44,2
05-15-2018 05:05:43.0,4,2
05-15-2018 05:06:57.3,82,2
05-15-2018 05:06:57.3,43,2
05-15-2018 05:07:02.5,81,2
05-15-2018 05:07:02.5,44,2
05-15-2018 05:07:06.3,4,2
05-15-2018 05:07:24.0,82,2
05-15-2018 05:07:24.0,43,2
05-15-2018 05:07:28.8,81,2
05-15-2018 05:07:28.8,44,2
05-15-2018 05:07:29.0,82,2
05-15-2018 05:07:29.0,43,2
05-15-2018 05:07:34.8,81,2
05-15-2018 05:07:34.8,44,2
05-15-2018 05:07:38.6,4,2
05-15-2018 05:07:57.8,82,2
05-15-2018 05:07:57.8,43,2
05-15-2018 05:08:02.5,81,2
05-15-2018 05:08:02.5,44,2
05-15-2018 05:08:06.3,4,2
05-15-2018 05:08:09.0,82,2
05-15-2018 05:08:09.0,43,2
05-15-2018 05:08:13.7,81,2
05-15-2018 05:08:13.7,44,2
05-15-2018 05:08:17.5,4,2
05-15-2018 05:08:30.5,82,2
05-15-2018 05:08:30.5,43,2
05-15-2018 05:08:35.3,81,2
05-15-2018 05:08:35.3,44,2
05-15-2018 05:08:39.1,4,2
05-15-2018 05:08:40.9,82,2
05-15-2018 05:08:40.9,43,2
05-15-2018 05:08:49.8,81,2
05-15-2018 05:08:49.8,44,2
05-15-2018 05:08:53.6,4,2
05-15-2018 05:09:24.7,82,2
05-15-2018 05:09:24.7,43,2
05-15-2018 05:09:29.2,81,2
05-15-2018 05:09:29.2,44,2
05-15-2018 05:09:33.0,4,2
05-15-2018 05:09:37.9,82,2
05-15-2018 05:09:37.9,43,2
05-15-2018 05:09:42.8,81,2
05-15-2018 05:09:42.8,44,2
05-15-2018 05:09:46.6,4,2
05-15-2018 05:10:15.0,82,2
05-15-2018 05:10:15.0,43,2
05-15-2018 05:10:28.3,81,2
05-15-2018 05:10:28.3,44,2
05-15-2018 05:10:32.1,4,2
05-15-2018 05:10:37.7,82,2
05-15-2018 05:10:37.7,43,2
05-15-2018 05:10:42.2,81,2
05-15-2018 05:10:42.2,44,2
05-15-2018 05:10:46.0,4,2
05-15-2018 05:10:55.0,82,1
05-15-2018 05:10:55.0,7,2
05-15-2018 05:10:55.0,8,2
05-15-2018 05:10:55.0,2,1
05-15-2018 05:10:55.0,43,1
05-15-2018 05:10:55.1,2,2
05-15-2018 05:10:58.6,81,1
05-15-2018 05:10:58.6,44,1
05-15-2018 05:10:59.0,9,2
05-15-2018 05:10:59.0,10,2
05-15-2018 05:11:00.0,12,2
05-15-2018 05:11:00.0,11,2
05-15-2018 05:11:00.0,0,1
05-15-2018 05:11:00.0,1,1
05-15-2018 05:11:00.1,4,1
05-15-2018 05:11:04.0,7,1
05-15-2018 05:11:04.0,8,1
05-15-2018 05:11:04.0,3,1
05-15-2018 05:11:07.0,9,1
05-15-2018 05:11:07.0,10,1
05-15-2018 05:11:07.5,12,1
05-15-2018 05:11:07.5,11,1
05-15-2018 05:11:07.5,0,2
05-15-2018 05:11:07.5,1,2
05-15-2018 05:11:07.6,4,2
05-15-2018 05:11:19.5,3,2
05-15-2018 05:11:34.9,82,2
05-15-2018 05:11:34.9,43,2
05-15-2018 05:11:41.2,81,2
05-15-2018 05:11:41.2,44,2
05-15-2018 05:11:45.0,4,2
05-15-2018 05:11:45.6,82,1
05-15-2018 05:11:45.6,7,2
05-15-2018 05:11:45.6,8,2
05-15-2018 05:11:45.6,2,1
05-15-2018 05:11:45.6,43,1
05-15-2018 05:11:45.7,2,2
05-15-2018 05:11:46.7,81,1
05-15-2018 05:11:46.7,44,1
05-15-2018 05:11:49.6,9,2
05-15-2018 05:11:49.6,10,2
05-15-2018 05:11:50.6,12,2
05-15-2018 05:11:50.6,11,2
05-15-2018 05:11:50.6,0,1
05-15-2018 05:11:50.6,1,1
05-15-2018 05:11:50.7,4,1
05-15-2018 05:11:54.6,7,1
05-15-2018 05:11:54.6,8,1
05-15-2018 05:11:54.6,3,1
05-15-2018 05:11:57.6,9,1
05-15-2018 05:11:57.6,10,1
05-15-2018 05:11:58.1,12,1
05-15-2018 05:11:58.1,11,1
05-15-2018 05:11:58.1,0,2
05-15-2018 05:11:58.1,1,2
05-15-2018 05:11:58.2,4,2
05-15-2018 05:12:10.1,3,2
05-15-2018 05:12:38.7,82,8
05-15-2018 05:12:38.7,7,2
05-15-2018 05:12:38.7,7,6
05-15-2018 05:12:38.7,8,2
05-15-2018 05:12:38.7,8,6
05-15-2018 05:12:38.7,2,8
05-15-2018 05:12:38.7,43,8
05-15-2018 05:12:38.8,2,2
05-15-2018 05:12:38.8,2,6
05-15-2018 05:12:42.7,9,2
05-15-2018 05:12:42.7,9,6
05-15-2018 05:12:42.7,10,2
05-15-2018 05:12:42.7,10,6
05-15-2018 05:12:43.7,12,2
05-15-2018 05:12:43.7,12,6
05-15-2018 05:12:43.7,11,2
05-15-2018 05:12:43.7,11,6
05-15-2018 05:12:43.7,0,8
05-15-2018 05:12:43.7,1,8
05-15-2018 05:12:43.7,31,1
05-15-2018 05:12:47.5,81,8
05-15-2018 05:12:47.5,44,8
05-15-2018 05:12:48.7,3,8
05-15-2018 05:12:50.3,7,8
05-15-2018 05:12:50.3,8,8
05-15-2018 05:12:50.3,4,8
05-15-2018 05:12:53.8,9,8
05-15-2018 05:12:53.8,10,8
05-15-2018 05:12:54.3,12,8
05-15-2018 05:12:54.3,11,8
05-15-2018 05:12:54.3,0,2
05-15-2018 05:12:54.3,0,6
05-15-2018 05:12:54.3,1,2
05-15-2018 05:12:54.3,1,6
05-15-2018 05:12:54.3,31,1
05-15-2018 05:12:54.4,4,2
05-15-2018 05:12:54.4,4,6
05-15-2018 05:12:57.6,82,2
05-15-2018 05:12:57.6,43,2
05-15-2018 05:13:03.6,81,2
05-15-2018 05:13:03.6,44,2
05-15-2018 05:13:06.3,3,2
05-15-2018 05:13:06.3,3,6
05-15-2018 05:13:07.4,4,2
05-15-2018 05:13:30.5,82,1
05-15-2018 05:13:30.5,7,2
05-15-2018 05:13:30.5,8,2
05-15-2018 05:13:30.5,2,1
05-15-2018 05:13:30.5,43,1
05-15-2018 05:13:30.6,2,2
05-15-2018 05:13:33.8,81,1
05-15-2018 05:13:33.8,44,1
05-15-2018 05:13:34.5,9,2
05-15-2018 05:13:34.5,10,2
05-15-2018 05:13:35.5,12,2
05-15-2018 05:13:35.5,11,2
05-15-2018 05:13:35.5,0,1
05-15-2018 05:13:35.5,1,1
05-15-2018 05:13:35.6,4,1
05-15-2018 05:13:39.5,7,1
05-15-2018 05:13:39.5,8,1
05-15-2018 05:13:39.5,3,1
05-15-2018 05:13:42.5,9,1
05-15-2018 05:13:42.5,10,1
05-15-2018 05:13:43.0,12,1
05-15-2018 05:13:43.0,11,1
05-15-2018 05:13:43.0,0,2
05-15-2018 05:13:43.0,1,2
05-15-2018 05:13:43.1,4,2
05-15-2018 05:13:45.5,82,2
05-15-2018 05:13:45.5,43,2
05-15-2018 05:13:50.6,81,2
05-15-2018 05:13:50.6,44,2
05-15-2018 05:13:54.4,4,2
05-15-2018 05:13:55.0,3,2
05-15-2018 05:14:04.5,82,2
05-15-2018 05:14:04.5,43,2
05-15-2018 05:14:09.1,81,2
05-15-2018 05:14:09.1,44,2
05-15-2018 05:14:10.7,82,2
05-15-2018 05:14:10.7,43,2
05-15-2018 05:14:15.5,81,2
05-15-2018 05:14:15.5,44,2
05-15-2018 05:14:17.2,82,2
05-15-2018 05:14:17.2,43,2
05-15-2018 05:14:21.9,81,2
05-15-2018 05:14:21.9,44,2
05-15-2018 05:14:25.7,4,2
05-15-2018 05:14:28.5,82,2
05-15-2018 05:14:28.5,43,2
05-15-2018 05:14:33.9,81,2
05-15-2018 05:14:33.9,44,2
05-15-2018 05:14:37.7,4,2
05-15-2018 05:14:53.6,82,2
05-15-2018 05:14:53.6,43,2
05-15-2018 05:15:00.3,81,2
05-15-2018 05:15:00.3,44,2
05-15-2018 05:15:04.1,4,2
05-15-2018 05:15:13.4,82,2
05-15-2018 05:15:13.4,43,2
05-15-2018 05:15:15.1,82,1
05-15-2018 05:15:15.1,2,1
05-15-2018 05:15:15.1,43,1
05-15-2018 05:15:16.1,81,1
05-15-2018 05:15:16.1,44,1
05-15-2018 05:15:18.1,81,2
05-15-2018 05:15:18.1,44,2
05-15-2018 05:15:21.9,4,2
05-15-2018 05:16:07.5,82,2
05-15-2018 05:16:07.5,43,2
05-15-2018 05:16:12.2,81,2
05-15-2018 05:16:12.2,44,2
05-15-2018 05:16:16.0,4,2
05-15-2018 05:16:42.0,82,1
05-15-2018 05:16:42.0,7,2
05-15-2018 05:16:42.0,8,2
05-15-2018 05:16:42.0,2,1
05-15-2018 05:16:42.0,43,1
05-15-2018 05:16:42.1,2,2
05-15-2018 05:16:43.7,81,1
05-15-2018 05:16:43.7,44,1
05-15-2018 05:16:46.0,9,2
05-15-2018 05:16:46.0,10,2
05-15-2018 05:16:47.0,12,2
05-15-2018 05:16:47.0,11,2
05-15-2018 05:16:47.0,0,1
05-15-2018 05:16:47.0,1,1
05-15-2018 05:16:47.1,4,1
05-15-2018 05:16:51.0,7,1
05-15-2018 05:16:51.0,8,1
05-15-2018 05:16:51.0,3,1
05-15-2018 05:16:54.0,9,1
05-15-2018 05:16:54.0,10,1
05-15-2018 05:16:54.5,12,1
05-15-2018 05:16:54.5,11,1
05-15-2018 05:16:54.5,0,2
05-15-2018 05:16:54.5,1,2
05-15-2018 05:16:54.6,4,2
05-15-2018 05:17:06.5,3,2
05-15-2018 05:18:24.2,82,2
05-15-2018 05:18:24.2,43,2
05-15-2018 05:18:28.8,81,2
05-15-2018 05:18:28.8,44,2
05-15-2018 05:18:32.6,4,2
05-15-2018 05:18:39.5,82,2
05-15-2018 05:18:39.5,43,2
05-15-2018 05:18:49.8,81,2
05-15-2018 05:18:49.8,44,2
05-15-2018 05:18:53.6,4,2
05-15-2018 05:19:19.3,82,2
05-15-2018 05:19:19.3,43,2
05-15-2018 05:19:24.6,81,2
05-15-2018 05:19:24.6,44,2
05-15-2018 05:19:28.4,4,2
05-15-2018 05:20:29.1,82,2
05-15-2018 05:20:29.1,43,2
05-15-2018 05:20:33.7,81,2
05-15-2018 05:20:33.7,44,2
05-15-2018 05:20:35.6,82,2
05-15-2018 05:20:35.6,43,2
05-15-2018 05:20:41.4,81,2
05-15-2018 05:20:41.4,44,2
05-15-2018 05:20:42.0,82,2
05-15-2018 05:20:42.0,43,2
05-15-2018 05:20:46.6,81,2
05-15-2018 05:20:46.6,44,2
05-15-2018 05:20:50.4,4,2
05-15-2018 05:21:18.2,82,2
05-15-2018 05:21:18.2,43,2
05-15-2018 05:21:22.8,81,2
05-15-2018 05:21:22.8,44,2
05-15-2018 05:21:26.6,4,2
05-15-2018 05:21:51.7,82,2
05-15-2018 05:21:51.7,43,2
05-15-2018 05:21:56.4,81,2
05-15-2018 05:21:56.4,44,2
05-15-2018 05:21:56.8,82,2
05-15-2018 05:21:56.8,43,2
05-15-2018 05:22:01.3,81,2
05-15-2018 05:22:01.3,44,2
05-15-2018 05:22:05.1,4,2
05-15-2018 05:22:13.7,82,2
05-15-2018 05:22:13.7,43,2
05-15-2018 05:22:18.5,81,2
05-15-2018 05:22:18.5,44,2
05-15-2018 05:22:22.3,4,2
05-15-2018 05:22:28.1,82,2
05-15-2018 05:22:28.1,43,2
05-15-2018 05:22:40.3,81,2
05-15-2018 05:22:40.3,44,2
05-15-2018 05:22:44.1,4,2
05-15-2018 05:23:02.7,82,2
05-15-2018 05:23:02.7,43,2
05-15-2018 05:23:07.4,81,2
05-15-2018 05:23:07.4,44,2
05-15-2018 05:23:11.2,4,2
05-15-2018 05:23:30.2,82,2
05-15-2018 05:23:30.2,43,2
05-15-2018 05:23:34.9,81,2
05-15-2018 05:23:34.9,44,2
05-15-2018 05:23:38.5,82,2
05-15-2018 05:23:38.5,43,2
05-15-2018 05:23:43.1,81,2
05-15-2018 05:23:43.1,44,2
05-15-2018 05:23:46.9,4,2
05-15-2018 05:23:50.2,82,2
05-15-2018 05:23:50.2,43,2
05-15-2018 05:23:54.9,81,2
05-15-2018 05:23:54.9,44,2
05-15-2018 05:23:58.7,4,2
05-15-2018 05:24:15.1,82,1
05-15-2018 05:24:15.1,7,2
05-15-2018 05:24:15.1,8,2
05-15-2018 05:24:15.1,2,1
05-15-2018 05:24:15.1,43,1
05-15-2018 05:24:15.2,2,2
05-15-2018 05:24:18.6,81,1
05-15-2018 05:24:18.6,44,1
05-15-2018 05:24:19.1,9,2
05-15-2018 05:24:19.1,10,2
05-15-2018 05:24:20.1,12,2
05-15-2018 05:24:20.1,11,2
05-15-2018 05:24:20.1,0,1
05-15-2018 05:24:20.1,1,1
05-15-2018 05:24:20.2,4,1
05-15-2018 05:24:24.1,7,1
05-15-2018 05:24:24.1,8,1
05-15-2018 05:24:24.1,3,1
05-15-2018 05:24:27.1,9,1
05-15-2018 05:24:27.1,10,1
05-15-2018 05:24:27.6,12,1
05-15-2018 05:24:27.6,11,1
05-15-2018 05:24:27.6,0,2
05-15-2018 05:24:27.6,1,2
05-15-2018 05:24:27.7,4,2
05-15-2018 05:24:39.6,3,2
05-15-2018 05:24:47.0,82,2
05-15-2018 05:24:47.0,43,2
05-15-2018 05:24:51.8,81,2
05-15-2018 05:24:51.8,44,2
05-15-2018 05:24:55.6,4,2
05-15-2018 05:25:01.5,82,2
05-15-2018 05:25:01.5,43,2
05-15-2018 05:25:06.4,81,2
05-15-2018 05:25:06.4,44,2
05-15-2018 05:25:10.2,4,2
05-15-2018 05:25:34.5,82,2
05-15-2018 05:25:34.5,43,2
05-15-2018 05:25:39.2,81,2
05-15-2018 05:25:39.2,44,2
05-15-2018 05:25:43.0,4,2
05-15-2018 05:25:53.6,82,2
05-15-2018 05:25:53.6,43,2
05-15-2018 05:25:58.3,81,2
05-15-2018 05:25:58.3,44,2
05-15-2018 05:26:02.1,4,2
05-15-2018 05:26:07.3,82,2
05-15-2018 05:26:07.3,43,2
05-15-2018 05:26:12.0,81,2
05-15-2018 05:26:12.0,44,2
05-15-2018 05:26:15.8,4,2
05-15-2018 05:26:20.6,82,2
05-15-2018 05:26:20.6,43,2
05-15-2018 05:26:25.6,81,2
05-15-2018 05:26:25.6,44,2
05-15-2018 05:26:29.1,82,8
05-15-2018 05:26:29.1,2,8
05-15-2018 05:26:29.1,43,8
05-15-2018 05:26:29.4,7,2
05-15-2018 05:26:29.4,7,6
05-15-2018 05:26:29.4,8,2
05-15-2018 05:26:29.4,8,6
05-15-2018 05:26:29.4,4,2
05-15-2018 05:26:29.5,2,2
05-15-2018 05:26:29.5,2,6
05-15-2018 05:26:32.5,81,8
05-15-2018 05:26:32.5,44,8
05-15-2018 05:26:33.4,9,2
05-15-2018 05:26:33.4,9,6
05-15-2018 05:26:33.4,10,2
05-15-2018 05:26:33.4,10,6
05-15-2018 05:26:34.4,12,2
05-15-2018 05:26:34.4,12,6
05-15-2018 05:26:34.4,11,2
05-15-2018 05:26:34.4,11,6
05-15-2018 05:26:34.4,0,8
05-15-2018 05:26:34.4,1,8
05-15-2018 05:26:34.4,31,1
05-15-2018 05:26:34.5,4,8
05-15-2018 05:26:39.4,7,8
05-15-2018 05:26:39.4,8,8
05-15-2018 05:26:39.4,3,8
05-15-2018 05:26:42.9,9,8
05-15-2018 05:26:42.9,10,8
05-15-2018 05:26:43.4,12,8
05-15-2018 05:26:43.4,11,8
05-15-2018 05:26:43.4,0,2
05-15-2018 05:26:43.4,0,6
05-15-2018 05:26:43.4,1,2
05-15-2018 05:26:43.4,1,6
05-15-2018 05:26:43.4,31,1
05-15-2018 05:26:43.5,4,2
05-15-2018 05:26:43.5,4,6
05-15-2018 05:26:51.4,82,2
05-15-2018 05:26:51.4,43,2
05-15-2018 05:26:55.4,3,2
05-15-2018 05:26:55.4,3,6
05-15-2018 05:26:57.7,81,2
05-15-2018 05:26:57.7,44,2
05-15-2018 05:27:01.3,82,2
05-15-2018 05:27:01.3,43,2
05-15-2018 05:27:05.9,81,2
05-15-2018 05:27:05.9,44,2
05-15-2018 05:27:09.7,4,2
05-15-2018 05:27:18.4,82,8
05-15-2018 05:27:18.4,7,2
05-15-2018 05:27:18.4,7,6
05-15-2018 05:27:18.4,8,2
05-15-2018 05:27:18.4,8,6
05-15-2018 05:27:18.4,2,8
05-15-2018 05:27:18.4,43,8
05-15-2018 05:27:18.5,2,2
05-15-2018 05:27:18.5,2,6
05-15-2018 05:27:22.0,81,8
05-15-2018 05:27:22.0,44,8
05-15-2018 05:27:22.4,9,2
05-15-2018 05:27:22.4,9,6
05-15-2018 05:27:22.4,10,2
05-15-2018 05:27:22.4,10,6
05-15-2018 05:27:23.4,12,2
05-15-2018 05:27:23.4,12,6
05-15-2018 05:27:23.4,11,2
05-15-2018 05:27:23.4,11,6
05-15-2018 05:27:23.4,0,8
05-15-2018 05:27:23.4,1,8
05-15-2018 05:27:23.4,31,1
05-15-2018 05:27:23.5,4,8
05-15-2018 05:27:28.4,7,8
05-15-2018 05:27:28.4,8,8
05-15-2018 05:27:28.4,3,8
05-15-2018 05:27:31.9,9,8
05-15-2018 05:27:31.9,10,8
05-15-2018 05:27:32.4,12,8
05-15-2018 05:27:32.4,11,8
05-15-2018 05:27:32.4,0,2
05-15-2018 05:27:32.4,0,6
05-15-2018 05:27:32.4,1,2
05-15-2018 05:27:32.4,1,6
05-15-2018 05:27:32.4,31,1
05-15-2018 05:27:32.5,4,2
05-15-2018 05:27:32.5,4,6
05-15-2018 05:27:40.9,82,2
05-15-2018 05:27:40.9,43,2
05-15-2018 05:27:44.4,3,2
05-15-2018 05:27:44.4,3,6
05-15-2018 05:27:48.2,81,2
05-15-2018 05:27:48.2,44,2
05-15-2018 05:27:48.9,82,2
05-15-2018 05:27:48.9,43,2
05-15-2018 05:27:53.6,81,2
05-15-2018 05:27:53.6,44,2
05-15-2018 05:27:55.1,82,2
05-15-2018 05:27:55.1,43,2
05-15-2018 05:28:05.0,81,2
05-15-2018 05:28:05.0,44,2
05-15-2018 05:28:08.8,4,2
05-15-2018 05:28:26.6,82,2
05-15-2018 05:28:26.6,43,2
05-15-2018 05:28:31.3,81,2
05-15-2018 05:28:31.3,44,2
05-15-2018 05:28:35.1,4,2
05-15-2018 05:28:44.0,82,2
05-15-2018 05:28:44.0,43,2
05-15-2018 05:28:48.7,81,2
05-15-2018 05:28:48.7,44,2
05-15-2018 05:28:52.5,4,2
05-15-2018 05:28:52.6,82,2
05-15-2018 05:28:52.6,43,2
05-15-2018 05:28:57.2,81,2
05-15-2018 05:28:57.2,44,2
05-15-2018 05:29:01.0,4,2
05-15-2018 05:29:36.0,82,2
05-15-2018 05:29:36.0,43,2
05-15-2018 05:29:40.6,81,2
05-15-2018 05:29:40.6,44,2
05-15-2018 05:29:44.4,4,2
05-15-2018 05:29:54.9,82,2
05-15-2018 05:29:54.9,43,2
05-15-2018 05:29:59.6,81,2
05-15-2018 05:29:59.6,44,2
05-15-2018 05:30:03.4,4,2
05-15-2018 05:31:00.3,82,8
05-15-2018 05:31:00.3,7,2
05-15-2018 05:31:00.3,7,6
05-15-2018 05:31:00.3,8,2
05-15-2018 05:31:00.3,8,6
05-15-2018 05:31:00.3,2,8
05-15-2018 05:31:00.3,43,8
05-15-2018 05:31:00.4,2,2
05-15-2018 05:31:00.4,2,6
05-15-2018 05:31:02.0,81,8
05-15-2018 05:31:02.0,44,8
05-15-2018 05:31:02.1,82,8
05-15-2018 05:31:02.1,2,8
05-15-2018 05:31:02.1,43,8
05-15-2018 05:31:02.2,82,1
05-15-2018 05:31:02.2,2,1
05-15-2018 05:31:02.2,43,1
05-15-2018 05:31:04.3,9,2
05-15-2018 05:31:04.3,9,6
05-15-2018 05:31:04.3,10,2
05-15-2018 05:31:04.3,10,6
05-15-2018 05:31:05.2,81,8
05-15-2018 05:31:05.2,44,8
05-15-2018 05:31:05.3,12,2
05-15-2018 05:31:05.3,12,6
05-15-2018 05:31:05.3,11,2
05-15-2018 05:31:05.3,11,6
05-15-2018 05:31:05.3,0,8
05-15-2018 05:31:05.3,1,8
05-15-2018 05:31:05.3,31,1
05-15-2018 05:31:05.4,4,8
05-15-2018 05:31:10.3,7,8
05-15-2018 05:31:10.3,8,8
05-15-2018 05:31:10.3,3,8
05-15-2018 05:31:13.4,82,2
05-15-2018 05:31:13.8,9,8
05-15-2018 05:31:13.8,10,8
05-15-2018 05:31:14.3,12,8
05-15-2018 05:31:14.3,11,8
05-15-2018 05:31:14.3,0,1
05-15-2018 05:31:14.3,0,6
05-15-2018 05:31:14.3,1,1
05-15-2018 05:31:14.3,1,6
05-15-2018 05:31:14.3,31,1
05-15-2018 05:31:14.4,4,6
05-15-2018 05:31:17.9,81,1
05-15-2018 05:31:17.9,44,1
05-15-2018 05:31:18.3,3,1
05-15-2018 05:31:20.7,7,1
05-15-2018 05:31:20.7,8,1
05-15-2018 05:31:20.7,4,1
05-15-2018 05:31:23.7,9,1
05-15-2018 05:31:23.7,10,1
05-15-2018 05:31:24.2,12,1
05-15-2018 05:31:24.2,11,1
05-15-2018 05:31:24.2,0,2
05-15-2018 05:31:24.2,1,2
05-15-2018 05:31:24.3,43,2
05-15-2018 05:31:26.3,3,6
05-15-2018 05:31:34.6,82,8
05-15-2018 05:31:34.6,2,8
05-15-2018 05:31:34.6,43,8
05-15-2018 05:31:36.2,3,2
05-15-2018 05:31:38.5,81,8
05-15-2018 05:31:38.5,44,8
05-15-2018 05:31:40.2,81,2
05-15-2018 05:31:40.2,44,2
05-15-2018 05:31:44.0,4,2
05-15-2018 05:31:57.6,82,2
05-15-2018 05:31:57.6,43,2
05-15-2018 05:32:02.7,81,2
05-15-2018 05:32:02.7,44,2
05-15-2018 05:32:06.5,4,2
05-15-2018 05:32:51.7,82,2
05-15-2018 05:32:51.7,43,2
05-15-2018 05:32:56.6,81,2
05-15-2018 05:32:56.6,44,2
05-15-2018 05:33:00.4,4,2
05-15-2018 05:33:01.0,82,2
05-15-2018 05:33:01.0,43,2
05-15-2018 05:33:05.7,81,2
05-15-2018 05:33:05.7,44,2
05-15-2018 05:33:09.5,4,2
05-15-2018 05:33:33.5,82,2
05-15-2018 05:33:33.5,43,2
05-15-2018 05:33:39.2,81,2
05-15-2018 05:33:39.2,44,2
05-15-2018 05:33:43.0,4,2
05-15-2018 05:34:04.3,82,2
05-15-2018 05:34:04.3,43,2
05-15-2018 05:34:06.8,82,8
05-15-2018 05:34:06.8,2,8
05-15-2018 05:34:06.8,43,8
05-15-2018 05:34:07.3,81,8
05-15-2018 05:34:07.3,44,8
05-15-2018 05:34:09.7,81,2
05-15-2018 05:34:09.7,44,2
05-15-2018 05:34:13.5,4,2
05-15-2018 05:34:47.5,82,2
05-15-2018 05:34:47.5,43,2
05-15-2018 05:34:55.7,81,2
05-15-2018 05:34:55.7,44,2
05-15-2018 05:34:59.5,4,2
05-15-2018 05:35:02.4,82,2
05-15-2018 05:35:02.4,43,2
05-15-2018 05:35:08.3,81,2
05-15-2018 05:35:08.3,44,2
05-15-2018 05:35:12.1,4,2
05-15-2018 05:35:15.2,82,2
05-15-2018 05:35:15.2,43,2
05-15-2018 05:35:23.4,82,8
05-15-2018 05:35:23.4,2,8
05-15-2018 05:35:23.4,43,8
05-15-2018 05:35:23.7,81,8
05-15-2018 05:35:23.7,44,8
05-15-2018 05:35:26.3,81,2
05-15-2018 05:35:26.3,44,2
05-15-2018 05:35:30.1,4,2
05-15-2018 05:35:34.8,82,2
05-15-2018 05:35:34.8,43,2
05-15-2018 05:35:39.6,81,2
05-15-2018 05:35:39.6,44,2
05-15-2018 05:35:43.4,4,2
05-15-2018 05:35:45.5,82,2
05-15-2018 05:35:45.5,43,2
05-15-2018 05:35:50.1,81,2
05-15-2018 05:35:50.1,44,2
05-15-2018 05:35:53.9,4,2
05-15-2018 05:36:02.5,82,2
05-15-2018 05:36:02.5,43,2
05-15-2018 05:36:07.3,82,8
05-15-2018 05:36:07.3,2,8
05-15-2018 05:36:07.3,43,8
05-15-2018 05:36:08.7,81,2
05-15-2018 05:36:08.7,44,2
05-15-2018 05:36:12.5,7,2
05-15-2018 05:36:12.5,7,6
05-15-2018 05:36:12.5,8,2
05-15-2018 05:36:12.5,8,6
05-15-2018 05:36:12.5,4,2
05-15-2018 05:36:12.6,2,2
05-15-2018 05:36:12.6,2,6
05-15-2018 05:36:13.3,81,8
05-15-2018 05:36:13.3,44,8
05-15-2018 05:36:16.5,9,2
05-15-2018 05:36:16.5,9,6
05-15-2018 05:36:16.5,10,2
05-15-2018 05:36:16.5,10,6
05-15-2018 05:36:17.5,12,2
05-15-2018 05:36:17.5,12,6
05-15-2018 05:36:17.5,11,2
05-15-2018 05:36:17.5,11,6
05-15-2018 05:36:17.5,0,8
05-15-2018 05:36:17.5,1,8
05-15-2018 05:36:17.5,31,1
05-15-2018 05:36:17.6,4,8
05-15-2018 05:36:22.4,7,8
05-15-2018 05:36:22.4,8,8
05-15-2018 05:36:22.4,3,8
05-15-2018 05:36:25.9,9,8
05-15-2018 05:36:25.9,10,8
05-15-2018 05:36:26.4,12,8
05-15-2018 05:36:26.4,11,8
05-15-2018 05:36:26.4,0,2
05-15-2018 05:36:26.4,0,6
05-15-2018 05:36:26.4,1,2
05-15-2018 05:36:26.4,1,6
05-15-2018 05:36:26.4,31,1
05-15-2018 05:36:26.5,4,2
05-15-2018 05:36:26.5,4,6
05-15-2018 05:36:32.8,82,1
05-15-2018 05:36:32.8,2,1
05-15-2018 05:36:32.8,43,1
05-15-2018 05:36:33.0,82,2
05-15-2018 05:36:33.0,43,2
05-15-2018 05:36:34.9,81,1
05-15-2018 05:36:34.9,44,1
05-15-2018 05:36:38.4,3,2
05-15-2018 05:36:38.4,3,6
05-15-2018 05:36:44.9,81,2
05-15-2018 05:36:44.9,44,2
05-15-2018 05:36:48.7,4,2
05-15-2018 05:37:16.7,82,2
05-15-2018 05:37:16.7,43,2
05-15-2018 05:37:21.4,81,2
05-15-2018 05:37:21.4,44,2
05-15-2018 05:37:25.2,4,2
05-15-2018 05:37:37.6,82,2
05-15-2018 05:37:37.6,43,2
05-15-2018 05:37:50.1,81,2
05-15-2018 05:37:50.1,44,2
05-15-2018 05:37:53.9,4,2
05-15-2018 05:37:55.6,82,8
05-15-2018 05:37:55.6,7,2
05-15-2018 05:37:55.6,7,6
05-15-2018 05:37:55.6,8,2
05-15-2018 05:37:55.6,8,6
05-15-2018 05:37:55.6,2,8
05-15-2018 05:37:55.6,43,8
05-15-2018 05:37:55.7,2,2
05-15-2018 05:37:55.7,2,6
05-15-2018 05:37:59.6,9,2
05-15-2018 05:37:59.6,9,6
05-15-2018 05:37:59.6,10,2
05-15-2018 05:37:59.6,10,6
05-15-2018 05:38:00.6,12,2
05-15-2018 05:38:00.6,12,6
05-15-2018 05:38:00.6,11,2
05-15-2018 05:38:00.6,11,6
05-15-2018 05:38:00.6,0,8
05-15-2018 05:38:00.6,1,8
05-15-2018 05:38:00.6,31,1
05-15-2018 05:38:05.6,3,8
05-15-2018 05:38:05.8,81,8
05-15-2018 05:38:05.8,44,8
05-15-2018 05:38:08.6,7,8
05-15-2018 05:38:08.6,8,8
05-15-2018 05:38:08.6,4,8
05-15-2018 05:38:12.1,9,8
05-15-2018 05:38:12.1,10,8
05-15-2018 05:38:12.6,12,8
05-15-2018 05:38:12.6,11,8
05-15-2018 05:38:12.6,0,2
05-15-2018 05:38:12.6,0,6
05-15-2018 05:38:12.6,1,2
05-15-2018 05:38:12.6,1,6
05-15-2018 05:38:12.6,31,1
05-15-2018 05:38:12.7,4,2
05-15-2018 05:38:12.7,4,6
05-15-2018 05:38:16.2,82,1
05-15-2018 05:38:16.2,2,1
05-15-2018 05:38:16.2,43,1
05-15-2018 05:38:19.3,81,1
05-15-2018 05:38:19.3,44,1
05-15-2018 05:38:24.6,3,2
05-15-2018 05:38:24.6,3,6
05-15-2018 05:38:27.0,82,2
05-15-2018 05:38:27.0,43,2
05-15-2018 05:38:31.5,81,2
05-15-2018 05:38:31.5,44,2
05-15-2018 05:38:35.3,4,2
05-15-2018 05:38:40.1,82,1
05-15-2018 05:38:40.1,7,2
05-15-2018 05:38:40.1,8,2
05-15-2018 05:38:40.1,2,1
05-15-2018 05:38:40.1,43,1
05-15-2018 05:38:40.2,2,2
05-15-2018 05:38:40.6,81,1
05-15-2018 05:38:40.6,44,1
05-15-2018 05:38:44.1,9,2
05-15-2018 05:38:44.1,10,2
05-15-2018 05:38:45.1,12,2
05-15-2018 05:38:45.1,11,2
05-15-2018 05:38:45.1,0,1
05-15-2018 05:38:45.1,1,1
05-15-2018 05:38:45.2,4,1
05-15-2018 05:38:49.1,7,1
05-15-2018 05:38:49.1,8,1
05-15-2018 05:38:49.1,3,1
05-15-2018 05:38:52.1,9,1
05-15-2018 05:38:52.1,10,1
05-15-2018 05:38:52.6,12,1
05-15-2018 05:38:52.6,11,1
05-15-2018 05:38:52.6,0,2
05-15-2018 05:38:52.6,1,2
05-15-2018 05:38:52.7,4,2
05-15-2018 05:38:59.2,82,2
05-15-2018 05:38:59.2,43,2
05-15-2018 05:39:04.6,3,2
05-15-2018 05:39:10.3,81,2
05-15-2018 05:39:10.3,44,2
05-15-2018 05:39:14.1,4,2
05-15-2018 05:39:16.0,82,2
05-15-2018 05:39:16.0,43,2
05-15-2018 05:39:20.6,81,2
05-15-2018 05:39:20.6,44,2
05-15-2018 05:39:24.4,4,2
05-15-2018 05:40:00.8,82,2
05-15-2018 05:40:00.8,43,2
05-15-2018 05:40:05.7,81,2
05-15-2018 05:40:05.7,44,2
05-15-2018 05:40:09.5,4,2
05-15-2018 05:40:37.0,82,2
05-15-2018 05:40:37.0,43,2
05-15-2018 05:40:41.7,81,2
05-15-2018 05:40:41.7,44,2
05-15-2018 05:40:45.5,4,2
05-15-2018 05:40:45.9,82,2
05-15-2018 05:40:45.9,43,2
05-15-2018 05:40:50.9,81,2
05-15-2018 05:40:50.9,44,2
05-15-2018 05:40:54.7,4,2
05-15-2018 05:41:01.1,82,2
05-15-2018 05:41:01.1,43,2
05-15-2018 05:41:07.2,81,2
05-15-2018 05:41:07.2,44,2
05-15-2018 05:41:11.0,4,2
05-15-2018 05:41:13.0,82,8
05-15-2018 05:41:13.0,7,2
05-15-2018 05:41:13.0,7,6
05-15-2018 05:41:13.0,8,2
05-15-2018 05:41:13.0,8,6
05-15-2018 05:41:13.0,2,8
05-15-2018 05:41:13.0,43,8
05-15-2018 05:41:13.1,2,2
05-15-2018 05:41:13.1,2,6
05-15-2018 05:41:16.2,82,2
05-15-2018 05:41:17.0,9,2
05-15-2018 05:41:17.0,9,6
05-15-2018 05:41:17.0,10,2
05-15-2018 05:41:17.0,10,6
05-15-2018 05:41:18.0,12,2
05-15-2018 05:41:18.0,12,6
05-15-2018 05:41:18.0,11,2
05-15-2018 05:41:18.0,11,6
05-15-2018 05:41:18.0,0,8
05-15-2018 05:41:18.0,1,8
05-15-2018 05:41:18.0,31,1
05-15-2018 05:41:20.8,81,2
05-15-2018 05:41:20.9,81,8
05-15-2018 05:41:20.9,44,8
05-15-2018 05:41:23.0,3,8
05-15-2018 05:41:23.1,82,8
05-15-2018 05:41:23.1,43,8
05-15-2018 05:41:26.3,81,8
05-15-2018 05:41:26.3,44,8
05-15-2018 05:41:29.1,7,8
05-15-2018 05:41:29.1,8,8
05-15-2018 05:41:29.1,4,8
05-15-2018 05:41:32.6,9,8
05-15-2018 05:41:32.6,10,8
05-15-2018 05:41:33.1,12,8
05-15-2018 05:41:33.1,11,8
05-15-2018 05:41:33.1,0,2
05-15-2018 05:41:33.1,0,6
05-15-2018 05:41:33.1,1,2
05-15-2018 05:41:33.1,1,6
05-15-2018 05:41:33.1,31,1
05-15-2018 05:41:33.2,4,2
05-15-2018 05:41:33.2,4,6
05-15-2018 05:41:35.6,82,2
05-15-2018 05:41:35.6,43,2
05-15-2018 05:41:45.1,81,2
05-15-2018 05:41:45.1,3,2
05-15-2018 05:41:45.1,3,6
05-15-2018 05:41:45.1,44,2
05-15-2018 05:41:48.9,4,2
05-15-2018 05:42:26.4,82,2
05-15-2018 05:42:26.4,43,2
05-15-2018 05:42:31.1,81,2
05-15-2018 05:42:31.1,44,2
05-15-2018 05:42:31.7,82,1
05-15-2018 05:42:31.7,2,1
05-15-2018 05:42:31.7,43,1
05-15-2018 05:42:34.9,7,2
05-15-2018 05:42:34.9,8,2
05-15-2018 05:42:34.9,4,2
05-15-2018 05:42:35.0,2,2
05-15-2018 05:42:36.2,81,1
05-15-2018 05:42:36.2,44,1
05-15-2018 05:42:36.5,82,2
05-15-2018 05:42:38.9,9,2
05-15-2018 05:42:38.9,10,2
05-15-2018 05:42:39.9,12,2
05-15-2018 05:42:39.9,11,2
05-15-2018 05:42:39.9,0,1
05-15-2018 05:42:39.9,1,1
05-15-2018 05:42:40.0,4,1
05-15-2018 05:42:40.8,82,8
05-15-2018 05:42:40.8,2,8
05-15-2018 05:42:40.8,43,8
05-15-2018 05:42:41.3,81,8
05-15-2018 05:42:41.3,44,8
05-15-2018 05:42:43.9,7,1
05-15-2018 05:42:43.9,8,1
05-15-2018 05:42:43.9,3,1
05-15-2018 05:42:46.9,9,1
05-15-2018 05:42:46.9,10,1
05-15-2018 05:42:47.4,12,1
05-15-2018 05:42:47.4,11,1
05-15-2018 05:42:47.4,0,2
05-15-2018 05:42:47.4,1,2
05-15-2018 05:42:47.5,43,2
05-15-2018 05:42:55.6,82,8
05-15-2018 05:42:55.6,2,8
05-15-2018 05:42:55.6,43,8
05-15-2018 05:42:58.1,81,8
05-15-2018 05:42:58.1,44,8
05-15-2018 05:42:59.4,3,2
05-15-2018 05:43:04.7,81,2
05-15-2018 05:43:04.7,44,2
05-15-2018 05:43:08.5,4,2
05-15-2018 05:43:45.2,82,2
05-15-2018 05:43:45.2,43,2
05-15-2018 05:43:51.6,81,2
05-15-2018 05:43:51.6,44,2
05-15-2018 05:43:55.4,4,2
05-15-2018 05:44:20.4,82,8
05-15-2018 05:44:20.4,7,2
05-15-2018 05:44:20.4,7,6
05-15-2018 05:44:20.4,8,2
05-15-2018 05:44:20.4,8,6
05-15-2018 05:44:20.4,2,8
05-15-2018 05:44:20.4,43,8
05-15-2018 05:44:20.5,81,8
05-15-2018 05:44:20.5,2,2
05-15-2018 05:44:20.5,2,6
05-15-2018 05:44:20.5,44,8
05-15-2018 05:44:20.6,82,2
05-15-2018 05:44:20.6,82,8
05-15-2018 05:44:20.6,2,8
05-15-2018 05:44:20.6,43,8
05-15-2018 05:44:24.4,9,2
05-15-2018 05:44:24.4,9,6
05-15-2018 05:44:24.4,10,2
05-15-2018 05:44:24.4,10,6
05-15-2018 05:44:25.4,81,2
05-15-2018 05:44:25.4,12,2
05-15-2018 05:44:25.4,12,6
05-15-2018 05:44:25.4,11,2
05-15-2018 05:44:25.4,11,6
05-15-2018 05:44:25.4,0,8
05-15-2018 05:44:25.4,1,8
05-15-2018 05:44:25.4,31,1
05-15-2018 05:44:30.4,3,8
05-15-2018 05:44:33.6,82,2
05-15-2018 05:44:36.0,81,8
05-15-2018 05:44:36.0,44,8
05-15-2018 05:44:38.8,7,8
05-15-2018 05:44:38.8,8,8
05-15-2018 05:44:38.8,4,8
05-15-2018 05:44:42.3,9,8
05-15-2018 05:44:42.3,10,8
05-15-2018 05:44:42.8,12,8
05-15-2018 05:44:42.8,11,8
05-15-2018 05:44:42.8,0,2
05-15-2018 05:44:42.8,0,6
05-15-2018 05:44:42.8,1,2
05-15-2018 05:44:42.8,1,6
05-15-2018 05:44:42.8,31,1
05-15-2018 05:44:42.9,4,6
05-15-2018 05:44:42.9,43,2
05-15-2018 05:44:50.1,81,2
05-15-2018 05:44:50.1,44,2
05-15-2018 05:44:53.9,4,2
05-15-2018 05:44:54.8,3,2
05-15-2018 05:44:54.8,3,6
05-15-2018 05:45:07.1,82,2
05-15-2018 05:45:07.1,43,2
05-15-2018 05:45:14.4,81,2
05-15-2018 05:45:14.4,44,2
05-15-2018 05:45:18.2,4,2
05-15-2018 05:45:53.7,82,1
05-15-2018 05:45:53.7,7,2
05-15-2018 05:45:53.7,8,2
05-15-2018 05:45:53.7,2,1
05-15-2018 05:45:53.7,43,1
05-15-2018 05:45:53.8,2,2
05-15-2018 05:45:57.0,81,1
05-15-2018 05:45:57.0,44,1
05-15-2018 05:45:57.7,9,2
05-15-2018 05:45:57.7,10,2
05-15-2018 05:45:58.7,12,2
05-15-2018 05:45:58.7,11,2
05-15-2018 05:45:58.7,0,1
05-15-2018 05:45:58.7,1,1
05-15-2018 05:45:58.8,4,1
05-15-2018 05:46:02.7,7,1
05-15-2018 05:46:02.7,8,1
05-15-2018 05:46:02.7,3,1
05-15-2018 05:46:05.7,9,1
05-15-2018 05:46:05.7,10,1
05-15-2018 05:46:06.2,12,1
05-15-2018 05:46:06.2,11,1
05-15-2018 05:46:06.2,0,2
05-15-2018 05:46:06.2,1,2
05-15-2018 05:46:06.3,4,2
05-15-2018 05:46:15.4,82,2
05-15-2018 05:46:15.4,43,2
05-15-2018 05:46:18.2,3,2
05-15-2018 05:46:20.1,81,2
05-15-2018 05:46:20.1,44,2
05-15-2018 05:46:23.9,4,2
05-15-2018 05:46:56.7,82,2
05-15-2018 05:46:56.7,43,2
05-15-2018 05:47:03.3,82,8
05-15-2018 05:47:03.3,2,8
05-15-2018 05:47:03.3,43,8
05-15-2018 05:47:03.9,81,2
05-15-2018 05:47:03.9,44,2
05-15-2018 05:47:06.5,82,2
05-15-2018 05:47:06.5,43,2
05-15-2018 05:47:08.9,81,8
05-15-2018 05:47:08.9,44,8
05-15-2018 05:47:11.3,81,2
05-15-2018 05:47:11.3,44,2
05-15-2018 05:47:15.1,4,2
05-15-2018 05:47:17.3,82,8
05-15-2018 05:47:17.3,7,2
05-15-2018 05:47:17.3,7,6
05-15-2018 05:47:17.3,8,2
05-15-2018 05:47:17.3,8,6
05-15-2018 05:47:17.3,2,8
05-15-2018 05:47:17.3,43,8
05-15-2018 05:47:17.4,2,2
05-15-2018 05:47:17.4,2,6
05-15-2018 05:47:21.3,9,2
05-15-2018 05:47:21.3,9,6
05-15-2018 05:47:21.3,10,2
05-15-2018 05:47:21.3,10,6
05-15-2018 05:47:22.3,12,2
05-15-2018 05:47:22.3,12,6
05-15-2018 05:47:22.3,11,2
05-15-2018 05:47:22.3,11,6
05-15-2018 05:47:22.3,0,8
05-15-2018 05:47:22.3,1,8
05-15-2018 05:47:22.3,31,1
05-15-2018 05:47:24.4,82,2
05-15-2018 05:47:25.6,81,8
05-15-2018 05:47:25.6,44,8
05-15-2018 05:47:27.3,3,8
05-15-2018 05:47:28.4,7,8
05-15-2018 05:47:28.4,8,8
05-15-2018 05:47:28.4,4,8
05-15-2018 05:47:30.0,81,2
05-15-2018 05:47:31.9,9,8
05-15-2018 05:47:31.9,10,8
05-15-2018 05:47:32.4,12,8
05-15-2018 05:47:32.4,11,8
05-15-2018 05:47:32.4,0,2
05-15-2018 05:47:32.4,0,6
05-15-2018 05:47:32.4,1,2
05-15-2018 05:47:32.4,1,6
05-15-2018 05:47:32.4,31,1
05-15-2018 05:47:32.5,4,2
05-15-2018 05:47:32.5,4,6
05-15-2018 05:47:36.2,82,2
05-15-2018 05:47:36.2,43,2
05-15-2018 05:47:41.6,81,2
05-15-2018 05:47:41.6,44,2
05-15-2018 05:47:44.4,3,2
05-15-2018 05:47:44.4,3,6
05-15-2018 05:47:45.4,4,2
05-15-2018 05:48:00.5,82,2
05-15-2018 05:48:00.5,43,2
05-15-2018 05:48:05.1,81,2
05-15-2018 05:48:05.1,44,2
05-15-2018 05:48:08.9,4,2
05-15-2018 05:48:11.4,82,2
05-15-2018 05:48:11.4,43,2
05-15-2018 05:48:24.3,81,2
05-15-2018 05:48:24.3,44,2
05-15-2018 05:48:24.5,82,2
05-15-2018 05:48:24.5,43,2
05-15-2018 05:48:30.9,81,2
05-15-2018 05:48:30.9,44,2
05-15-2018 05:48:33.4,82,2
05-15-2018 05:48:33.4,43,2
05-15-2018 05:48:39.4,81,2
05-15-2018 05:48:39.4,44,2
05-15-2018 05:48:39.6,82,2
05-15-2018 05:48:39.6,43,2
05-15-2018 05:48:44.4,81,2
05-15-2018 05:48:44.4,44,2
05-15-2018 05:48:45.0,82,2
05-15-2018 05:48:45.0,43,2
05-15-2018 05:48:49.7,81,2
05-15-2018 05:48:49.7,44,2
05-15-2018 05:48:50.4,82,2
05-15-2018 05:48:50.4,43,2
05-15-2018 05:48:55.1,81,2
05-15-2018 05:48:55.1,44,2
05-15-2018 05:48:58.9,4,2
05-15-2018 05:49:28.0,82,8
05-15-2018 05:49:28.0,7,2
05-15-2018 05:49:28.0,7,6
05-15-2018 05:49:28.0,8,2
05-15-2018 05:49:28.0,8,6
05-15-2018 05:49:28.0,2,8
05-15-2018 05:49:28.0,43,8
05-15-2018 05:49:28.1,2,2
05-15-2018 05:49:28.1,2,6
05-15-2018 05:49:32.0,9,2
05-15-2018 05:49:32.0,9,6
05-15-2018 05:49:32.0,10,2
05-15-2018 05:49:32.0,10,6
05-15-2018 05:49:33.0,12,2
05-15-2018 05:49:33.0,12,6
05-15-2018 05:49:33.0,11,2
05-15-2018 05:49:33.0,11,6
05-15-2018 05:49:33.0,0,8
05-15-2018 05:49:33.0,1,8
05-15-2018 05:49:33.0,31,1
05-15-2018 05:49:33.6,81,8
05-15-2018 05:49:33.6,44,8
05-15-2018 05:49:36.4,4,8
05-15-2018 05:49:38.0,7,8
05-15-2018 05:49:38.0,8,8
05-15-2018 05:49:38.0,3,8
05-15-2018 05:49:41.5,9,8
05-15-2018 05:49:41.5,10,8
05-15-2018 05:49:42.0,12,8
05-15-2018 05:49:42.0,11,8
05-15-2018 05:49:42.0,0,2
05-15-2018 05:49:42.0,0,6
05-15-2018 05:49:42.0,1,2
05-15-2018 05:49:42.0,1,6
05-15-2018 05:49:42.0,31,1
05-15-2018 05:49:42.1,4,2
05-15-2018 05:49:42.1,4,6
05-15-2018 05:49:49.7,82,2
05-15-2018 05:49:49.7,43,2
05-15-2018 05:49:54.0,3,2
05-15-2018 05:49:54.0,3,6
05-15-2018 05:49:54.6,81,2
05-15-2018 05:49:54.6,44,2
05-15-2018 05:49:54.7,82,1
05-15-2018 05:49:54.7,2,1
05-15-2018 05:49:54.7,43,1
05-15-2018 05:49:56.8,81,1
05-15-2018 05:49:56.8,44,1
05-15-2018 05:49:58.4,4,2
05-15-2018 05:50:12.3,82,8
05-15-2018 05:50:12.3,7,2
05-15-2018 05:50:12.3,7,6
05-15-2018 05:50:12.3,8,2
05-15-2018 05:50:12.3,8,6
05-15-2018 05:50:12.3,2,8
05-15-2018 05:50:12.3,43,8
05-15-2018 05:50:12.4,2,2
05-15-2018 05:50:12.4,2,6
05-15-2018 05:50:16.3,9,2
05-15-2018 05:50:16.3,9,6
05-15-2018 05:50:16.3,10,2
05-15-2018 05:50:16.3,10,6
05-15-2018 05:50:17.3,12,2
05-15-2018 05:50:17.3,12,6
05-15-2018 05:50:17.3,11,2
05-15-2018 05:50:17.3,11,6
05-15-2018 05:50:17.3,0,8
05-15-2018 05:50:17.3,1,8
05-15-2018 05:50:17.3,31,1
05-15-2018 05:50:21.4,81,8
05-15-2018 05:50:21.4,44,8
05-15-2018 05:50:22.3,3,8
05-15-2018 05:50:24.2,7,8
05-15-2018 05:50:24.2,8,8
05-15-2018 05:50:24.2,4,8
05-15-2018 05:50:27.7,9,8
05-15-2018 05:50:27.7,10,8
05-15-2018 05:50:28.2,12,8
05-15-2018 05:50:28.2,11,8
05-15-2018 05:50:28.2,0,2
05-15-2018 05:50:28.2,0,6
05-15-2018 05:50:28.2,1,2
05-15-2018 05:50:28.2,1,6
05-15-2018 05:50:28.2,31,1
05-15-2018 05:50:28.3,4,2
05-15-2018 05:50:28.3,4,6
05-15-2018 05:50:33.3,82,2
05-15-2018 05:50:33.3,43,2
05-15-2018 05:50:38.2,81,2
05-15-2018 05:50:38.2,44,2
05-15-2018 05:50:40.2,3,2
05-15-2018 05:50:40.2,3,6
05-15-2018 05:50:42.0,4,2
05-15-2018 05:50:43.2,82,2
05-15-2018 05:50:43.2,43,2
05-15-2018 05:50:47.9,81,2
05-15-2018 05:50:47.9,44,2
05-15-2018 05:50:48.4,82,2
05-15-2018 05:50:48.4,43,2
05-15-2018 05:50:50.2,82,8
05-15-2018 05:50:50.2,2,8
05-15-2018 05:50:50.2,43,8
05-15-2018 05:50:53.1,81,2
05-15-2018 05:50:53.1,44,2
05-15-2018 05:50:55.7,82,2
05-15-2018 05:50:55.7,43,2
05-15-2018 05:51:02.9,81,2
05-15-2018 05:51:02.9,44,2
05-15-2018 05:51:03.3,82,2
05-15-2018 05:51:03.3,43,2
05-15-2018 05:51:05.7,81,8
05-15-2018 05:51:05.7,44,8
05-15-2018 05:51:08.0,81,2
05-15-2018 05:51:08.0,44,2
05-15-2018 05:51:11.8,4,2
05-15-2018 05:51:29.4,82,2
05-15-2018 05:51:29.4,43,2
05-15-2018 05:51:34.0,81,2
05-15-2018 05:51:34.0,44,2
05-15-2018 05:51:37.8,4,2
05-15-2018 05:51:38.2,82,2
05-15-2018 05:51:38.2,43,2
05-15-2018 05:51:42.9,81,2
05-15-2018 05:51:42.9,44,2
05-15-2018 05:51:44.4,82,8
05-15-2018 05:51:44.4,2,8
05-15-2018 05:51:44.4,43,8
05-15-2018 05:51:46.7,7,2
05-15-2018 05:51:46.7,7,6
05-15-2018 05:51:46.7,8,2
05-15-2018 05:51:46.7,8,6
05-15-2018 05:51:46.7,4,2
05-15-2018 05:51:46.8,2,2
05-15-2018 05:51:46.8,2,6
05-15-2018 05:51:50.7,9,2
05-15-2018 05:51:50.7,9,6
05-15-2018 05:51:50.7,10,2
05-15-2018 05:51:50.7,10,6
05-15-2018 05:51:51.7,12,2
05-15-2018 05:51:51.7,12,6
05-15-2018 05:51:51.7,11,2
05-15-2018 05:51:51.7,11,6
05-15-2018 05:51:51.7,0,8
05-15-2018 05:51:51.7,1,8
05-15-2018 05:51:51.7,31,1
05-15-2018 05:51:54.7,81,8
05-15-2018 05:51:54.7,44,8
05-15-2018 05:51:56.7,3,8
05-15-2018 05:51:57.5,7,8
05-15-2018 05:51:57.5,8,8
05-15-2018 05:51:57.5,4,8
05-15-2018 05:52:01.0,9,8
05-15-2018 05:52:01.0,10,8
05-15-2018 05:52:01.5,12,8
05-15-2018 05:52:01.5,11,8
05-15-2018 05:52:01.5,0,2
05-15-2018 05:52:01.5,0,6
05-15-2018 05:52:01.5,1,2
05-15-2018 05:52:01.5,1,6
05-15-2018 05:52:01.5,31,1
05-15-2018 05:52:01.6,4,2
05-15-2018 05:52:01.6,4,6
05-15-2018 05:52:09.2,82,2
05-15-2018 05:52:09.2,43,2
05-15-2018 05:52:10.1,82,1
05-15-2018 05:52:10.1,2,1
05-15-2018 05:52:10.1,43,1
05-15-2018 05:52:13.0,81,1
05-15-2018 05:52:13.0,44,1
05-15-2018 05:52:13.5,3,2
05-15-2018 05:52:13.5,3,6
05-15-2018 05:52:13.7,81,2
05-15-2018 05:52:13.7,44,2
05-15-2018 05:52:17.5,4,2
05-15-2018 05:52:23.2,82,8
05-15-2018 05:52:23.2,7,2
05-15-2018 05:52:23.2,7,6
05-15-2018 05:52:23.2,8,2
05-15-2018 05:52:23.2,8,6
05-15-2018 05:52:23.2,2,8
05-15-2018 05:52:23.2,43,8
05-15-2018 05:52:23.3,2,2
05-15-2018 05:52:23.3,2,6
05-15-2018 05:52:27.2,9,2
05-15-2018 05:52:27.2,9,6
05-15-2018 05:52:27.2,10,2
05-15-2018 05:52:27.2,10,6
05-15-2018 05:52:28.2,12,2
05-15-2018 05:52:28.2,12,6
05-15-2018 05:52:28.2,11,2
05-15-2018 05:52:28.2,11,6
05-15-2018 05:52:28.2,0,8
05-15-2018 05:52:28.2,1,8
05-15-2018 05:52:28.2,31,1
05-15-2018 05:52:29.6,81,8
05-15-2018 05:52:29.6,44,8
05-15-2018 05:52:32.4,4,8
05-15-2018 05:52:33.2,7,8
05-15-2018 05:52:33.2,8,8
05-15-2018 05:52:33.2,3,8
05-15-2018 05:52:34.8,82,1
05-15-2018 05:52:34.8,2,1
05-15-2018 05:52:34.8,43,1
05-15-2018 05:52:36.7,9,8
05-15-2018 05:52:36.7,10,8
05-15-2018 05:52:37.2,12,8
05-15-2018 05:52:37.2,11,8
05-15-2018 05:52:37.2,0,2
05-15-2018 05:52:37.2,0,6
05-15-2018 05:52:37.2,1,2
05-15-2018 05:52:37.2,1,6
05-15-2018 05:52:37.2,31,1
05-15-2018 05:52:37.3,4,2
05-15-2018 05:52:37.3,4,6
05-15-2018 05:52:42.9,82,2
05-15-2018 05:52:42.9,43,2
05-15-2018 05:52:47.9,81,2
05-15-2018 05:52:47.9,44,2
05-15-2018 05:52:48.1,82,2
05-15-2018 05:52:48.1,43,2
05-15-2018 05:52:49.0,81,1
05-15-2018 05:52:49.0,44,1
05-15-2018 05:52:49.2,3,2
05-15-2018 05:52:49.2,3,6
05-15-2018 05:52:51.5,82,8
05-15-2018 05:52:51.5,2,8
05-15-2018 05:52:51.5,43,8
05-15-2018 05:52:52.8,81,2
05-15-2018 05:52:52.8,44,2
05-15-2018 05:52:56.6,7,2
05-15-2018 05:52:56.6,7,6
05-15-2018 05:52:56.6,8,2
05-15-2018 05:52:56.6,8,6
05-15-2018 05:52:56.6,4,2
05-15-2018 05:52:56.7,2,2
05-15-2018 05:52:56.7,2,6
05-15-2018 05:53:00.6,9,2
05-15-2018 05:53:00.6,9,6
05-15-2018 05:53:00.6,10,2
05-15-2018 05:53:00.6,10,6
05-15-2018 05:53:01.6,12,2
05-15-2018 05:53:01.6,12,6
05-15-2018 05:53:01.6,11,2
05-15-2018 05:53:01.6,11,6
05-15-2018 05:53:01.6,0,8
05-15-2018 05:53:01.6,1,8
05-15-2018 05:53:01.6,31,1
05-15-2018 05:53:06.0,81,8
05-15-2018 05:53:06.0,44,8
05-15-2018 05:53:06.6,3,8
05-15-2018 05:53:08.8,7,8
05-15-2018 05:53:08.8,8,8
05-15-2018 05:53:08.8,4,8
05-15-2018 05:53:12.3,9,8
05-15-2018 05:53:12.3,10,8
05-15-2018 05:53:12.8,12,8
05-15-2018 05:53:12.8,11,8
05-15-2018 05:53:12.8,0,2
05-15-2018 05:53:12.8,0,6
05-15-2018 05:53:12.8,1,2
05-15-2018 05:53:12.8,1,6
05-15-2018 05:53:12.8,31,1
05-15-2018 05:53:12.9,4,2
05-15-2018 05:53:12.9,4,6
05-15-2018 05:53:13.2,82,2
05-15-2018 05:53:13.2,43,2
05-15-2018 05:53:19.8,82,8
05-15-2018 05:53:19.8,2,8
05-15-2018 05:53:19.8,43,8
05-15-2018 05:53:21.1,81,8
05-15-2018 05:53:21.1,44,8
05-15-2018 05:53:23.5,81,2
05-15-2018 05:53:23.5,44,2
05-15-2018 05:53:23.8,82,2
05-15-2018 05:53:23.8,43,2
05-15-2018 05:53:24.8,3,2
05-15-2018 05:53:24.8,3,6
05-15-2018 05:53:28.5,81,2
05-15-2018 05:53:28.5,44,2
05-15-2018 05:53:31.2,82,2
05-15-2018 05:53:31.2,43,2
05-15-2018 05:53:38.9,81,2
05-15-2018 05:53:38.9,44,2
05-15-2018 05:53:42.7,4,2
05-15-2018 05:54:04.5,82,8
05-15-2018 05:54:04.5,7,2
05-15-2018 05:54:04.5,7,6
05-15-2018 05:54:04.5,8,2
05-15-2018 05:54:04.5,8,6
05-15-2018 05:54:04.5,2,8
05-15-2018 05:54:04.5,43,8
05-15-2018 05:54:04.6,2,2
05-15-2018 05:54:04.6,2,6
05-15-2018 05:54:08.5,9,2
05-15-2018 05:54:08.5,9,6
05-15-2018 05:54:08.5,10,2
05-15-2018 05:54:08.5,10,6
05-15-2018 05:54:09.5,12,2
05-15-2018 05:54:09.5,12,6
05-15-2018 05:54:09.5,11,2
05-15-2018 05:54:09.5,11,6
05-15-2018 05:54:09.5,0,8
05-15-2018 05:54:09.5,1,8
05-15-2018 05:54:09.5,31,1
05-15-2018 05:54:14.5,3,8
05-15-2018 05:54:15.8,81,8
05-15-2018 05:54:15.8,44,8
05-15-2018 05:54:18.6,7,8
05-15-2018 05:54:18.6,8,8
05-15-2018 05:54:18.6,4,8
05-15-2018 05:54:22.1,9,8
05-15-2018 05:54:22.1,10,8
05-15-2018 05:54:22.6,12,8
05-15-2018 05:54:22.6,11,8
05-15-2018 05:54:22.6,0,2
05-15-2018 05:54:22.6,0,6
05-15-2018 05:54:22.6,1,2
05-15-2018 05:54:22.6,1,6
05-15-2018 05:54:22.6,31,1
05-15-2018 05:54:22.7,4,2
05-15-2018 05:54:22.7,4,6
05-15-2018 05:54:24.1,82,2
05-15-2018 05:54:24.1,43,2
05-15-2018 05:54:33.0,81,2
05-15-2018 05:54:33.0,44,2
05-15-2018 05:54:34.6,3,2
05-15-2018 05:54:34.6,3,6
05-15-2018 05:54:36.8,4,2
05-15-2018 05:54:43.1,82,2
05-15-2018 05:54:43.1,43,2
05-15-2018 05:54:48.5,82,8
05-15-2018 05:54:48.5,2,8
05-15-2018 05:54:48.5,43,8
05-15-2018 05:54:51.7,81,2
05-15-2018 05:54:51.7,44,2
05-15-2018 05:54:55.5,7,2
05-15-2018 05:54:55.5,7,6
05-15-2018 05:54:55.5,8,2
05-15-2018 05:54:55.5,8,6
05-15-2018 05:54:55.5,4,2
05-15-2018 05:54:55.6,2,2
05-15-2018 05:54:55.6,2,6
05-15-2018 05:54:59.5,9,2
05-15-2018 05:54:59.5,9,6
05-15-2018 05:54:59.5,10,2
05-15-2018 05:54:59.5,10,6
05-15-2018 05:55:00.5,12,2
05-15-2018 05:55:00.5,12,6
05-15-2018 05:55:00.5,11,2
05-15-2018 05:55:00.5,11,6
05-15-2018 05:55:00.5,0,8
05-15-2018 05:55:00.5,1,8
05-15-2018 05:55:00.5,31,1
05-15-2018 05:55:05.1,81,8
05-15-2018 05:55:05.1,44,8
05-15-2018 05:55:05.5,3,8
05-15-2018 05:55:07.9,7,8
05-15-2018 05:55:07.9,8,8
05-15-2018 05:55:07.9,4,8
05-15-2018 05:55:11.4,9,8
05-15-2018 05:55:11.4,10,8
05-15-2018 05:55:11.9,12,8
05-15-2018 05:55:11.9,11,8
05-15-2018 05:55:11.9,0,2
05-15-2018 05:55:11.9,0,6
05-15-2018 05:55:11.9,1,2
05-15-2018 05:55:11.9,1,6
05-15-2018 05:55:11.9,31,1
05-15-2018 05:55:12.0,4,2
05-15-2018 05:55:12.0,4,6
05-15-2018 05:55:23.9,3,2
05-15-2018 05:55:23.9,3,6
05-15-2018 05:55:26.0,82,2
05-15-2018 05:55:26.0,43,2
05-15-2018 05:55:34.4,81,2
05-15-2018 05:55:34.4,44,2
05-15-2018 05:55:38.2,4,2
05-15-2018 05:55:45.3,82,2
05-15-2018 05:55:45.3,43,2
05-15-2018 05:55:55.1,81,2
05-15-2018 05:55:55.1,44,2
05-15-2018 05:55:58.9,4,2
05-15-2018 05:55:59.5,82,2
05-15-2018 05:55:59.5,43,2
05-15-2018 05:56:11.5,81,2
05-15-2018 05:56:11.5,44,2
05-15-2018 05:56:12.8,82,2
05-15-2018 05:56:12.8,43,2
05-15-2018 05:56:15.9,82,8
05-15-2018 05:56:15.9,2,8
05-15-2018 05:56:15.9,43,8
05-15-2018 05:56:17.3,81,2
05-15-2018 05:56:17.3,44,2
05-15-2018 05:56:21.1,7,2
05-15-2018 05:56:21.1,7,6
05-15-2018 05:56:21.1,8,2
05-15-2018 05:56:21.1,8,6
05-15-2018 05:56:21.1,4,2
05-15-2018 05:56:21.2,2,2
05-15-2018 05:56:21.2,2,6
05-15-2018 05:56:21.5,82,2
05-15-2018 05:56:24.8,81,8
05-15-2018 05:56:24.8,44,8
05-15-2018 05:56:25.1,9,2
05-15-2018 05:56:25.1,9,6
05-15-2018 05:56:25.1,10,2
05-15-2018 05:56:25.1,10,6
05-15-2018 05:56:26.1,12,2
05-15-2018 05:56:26.1,12,6
05-15-2018 05:56:26.1,11,2
05-15-2018 05:56:26.1,11,6
05-15-2018 05:56:26.1,0,8
05-15-2018 05:56:26.1,1,8
05-15-2018 05:56:26.1,31,1
05-15-2018 05:56:26.2,81,2
05-15-2018 05:56:26.2,4,8
05-15-2018 05:56:31.1,7,8
05-15-2018 05:56:31.1,8,8
05-15-2018 05:56:31.1,3,8
05-15-2018 05:56:34.6,9,8
05-15-2018 05:56:34.6,10,8
05-15-2018 05:56:35.1,12,8
05-15-2018 05:56:35.1,11,8
05-15-2018 05:56:35.1,0,2
05-15-2018 05:56:35.1,0,6
05-15-2018 05:56:35.1,1,2
05-15-2018 05:56:35.1,1,6
05-15-2018 05:56:35.1,31,1
05-15-2018 05:56:35.2,4,2
05-15-2018 05:56:35.2,4,6
05-15-2018 05:56:36.5,82,2
05-15-2018 05:56:36.5,43,2
05-15-2018 05:56:42.2,82,8
05-15-2018 05:56:42.2,2,8
05-15-2018 05:56:42.2,43,8
05-15-2018 05:56:42.9,81,2
05-15-2018 05:56:42.9,44,2
05-15-2018 05:56:46.6,82,2
05-15-2018 05:56:46.6,43,2
05-15-2018 05:56:47.1,3,2
05-15-2018 05:56:47.1,3,6
05-15-2018 05:56:50.4,81,8
05-15-2018 05:56:50.4,44,8
05-15-2018 05:56:51.3,81,2
05-15-2018 05:56:51.3,44,2
05-15-2018 05:56:55.1,4,2
05-15-2018 05:57:27.4,82,2
05-15-2018 05:57:27.4,43,2
05-15-2018 05:57:33.7,82,1
05-15-2018 05:57:33.7,2,1
05-15-2018 05:57:33.7,43,1
05-15-2018 05:57:34.9,81,1
05-15-2018 05:57:34.9,44,1
05-15-2018 05:57:35.7,81,2
05-15-2018 05:57:35.7,44,2
05-15-2018 05:57:39.5,4,2
05-15-2018 05:57:52.3,82,2
05-15-2018 05:57:52.3,43,2
05-15-2018 05:57:53.4,82,8
05-15-2018 05:57:53.4,2,8
05-15-2018 05:57:53.4,43,8
05-15-2018 05:57:56.9,81,2
05-15-2018 05:57:56.9,44,2
05-15-2018 05:57:57.2,82,2
05-15-2018 05:57:57.2,43,2
05-15-2018 05:58:05.4,81,8
05-15-2018 05:58:05.4,44,8
05-15-2018 05:58:06.1,81,2
05-15-2018 05:58:06.1,44,2
05-15-2018 05:58:09.9,4,2
05-15-2018 05:58:50.5,82,2
05-15-2018 05:58:50.5,43,2
05-15-2018 05:58:53.6,82,8
05-15-2018 05:58:53.6,2,8
05-15-2018 05:58:53.6,43,8
05-15-2018 05:58:54.6,81,8
05-15-2018 05:58:54.6,44,8
05-15-2018 05:58:56.9,81,2
05-15-2018 05:58:56.9,44,2
05-15-2018 05:59:00.4,82,2
05-15-2018 05:59:00.4,43,2
05-15-2018 05:59:15.3,81,2
05-15-2018 05:59:15.3,44,2
05-15-2018 05:59:19.1,4,2
05-15-2018 05:59:19.8,82,2
05-15-2018 05:59:19.8,43,2
05-15-2018 05:59:24.8,81,2
05-15-2018 05:59:24.8,44,2
05-15-2018 05:59:28.6,4,2
05-15-2018 05:59:37.3,82,8
05-15-2018 05:59:37.3,7,2
05-15-2018 05:59:37.3,7,6
05-15-2018 05:59:37.3,8,2
05-15-2018 05:59:37.3,8,6
05-15-2018 05:59:37.3,2,8
05-15-2018 05:59:37.3,43,8
05-15-2018 05:59:37.4,2,2
05-15-2018 05:59:37.4,2,6
05-15-2018 05:59:41.3,9,2
05-15-2018 05:59:41.3,9,6
05-15-2018 05:59:41.3,10,2
05-15-2018 05:59:41.3,10,6
05-15-2018 05:59:42.3,12,2
05-15-2018 05:59:42.3,12,6
05-15-2018 05:59:42.3,11,2
05-15-2018 05:59:42.3,11,6
05-15-2018 05:59:42.3,0,8
05-15-2018 05:59:42.3,1,8
05-15-2018 05:59:42.3,31,1
05-15-2018 05:59:43.7,82,2
05-15-2018 05:59:47.3,3,8
05-15-2018 05:59:49.8,81,8
05-15-2018 05:59:49.8,44,8
05-15-2018 05:59:52.6,7,8
05-15-2018 05:59:52.6,8,8
05-15-2018 05:59:52.6,4,8
05-15-2018 05:59:56.1,9,8
05-15-2018 05:59:56.1,10,8
05-15-2018 05:59:56.6,12,8
05-15-2018 05:59:56.6,11,8
05-15-2018 05:59:56.6,0,2
05-15-2018 05:59:56.6,0,6
05-15-2018 05:59:56.6,1,2
05-15-2018 05:59:56.6,1,6
05-15-2018 05:59:56.6,31,1
05-15-2018 05:59:56.7,4,6
05-15-2018 05:59:56.7,43,2
